{
    "loss": 0.08968190848827362,
    "accuracy": 0.9655172228813171
}