{
    "loss": 0.2845201790332794,
    "accuracy": 0.8620689511299133
}